title,song,date,program,description,videoUrl,image,order,videoLabel,score
Love Me Like This - SHOW CHAMPION,Love Me Like This,2023-03-29,SHOW CHAMPION,"NMIXX初の音楽番組1位（9,176点）。",https://www.youtube.com/watch?v=O8zBPFYgz04,assets/discography/expergo.jpg,1,アンコール・受賞映像を見る,9176
DASH - SHOW CHAMPION,DASH,2024-01-24,SHOW CHAMPION,"「DASH」でSHOW CHAMPIONの1位を獲得（6,849点）。",https://www.youtube.com/watch?v=hoHy38Jjkvg,assets/discography/break.jpg,2,アンコール・受賞映像を見る,6849
DASH - M COUNTDOWN,DASH,2024-01-25,M COUNTDOWN,"「DASH」でM COUNTDOWNの1位を獲得（9,338点）。",https://www.youtube.com/watch?v=hoHy38Jjkvg,assets/discography/break.jpg,3,アンコール・受賞映像を見る,9338
DASH - Music Bank,DASH,2024-01-26,Music Bank,"「DASH」でMusic Bankの1位を獲得（11,952点）。",https://www.youtube.com/watch?v=hoHy38Jjkvg,assets/discography/break.jpg,4,アンコール・受賞映像を見る,11952
DASH - Inkigayo,DASH,2024-01-28,Inkigayo,"「DASH」でInkigayoの1位を獲得（5,901点）。",https://www.youtube.com/watch?v=hoHy38Jjkvg,assets/discography/break.jpg,5,アンコール・受賞映像を見る,5901
See that? - M COUNTDOWN,See that?,2024-08-29,M COUNTDOWN,"「See that?」でM COUNTDOWNの1位を獲得（10,293点）。",https://www.youtube.com/watch?v=NCQ89aLx54Y,assets/discography/stickout.jpg,6,アンコール・受賞映像を見る,10293
See that? - Music Bank,See that?,2024-08-30,Music Bank,"「See that?」でMusic Bankの1位を獲得（11,821点）。",https://www.youtube.com/watch?v=NCQ89aLx54Y,assets/discography/stickout.jpg,7,アンコール・受賞映像を見る,11821
See that? - Inkigayo,See that?,2024-09-01,Inkigayo,"「See that?」でInkigayoの1位を獲得（6,591点）。",https://www.youtube.com/watch?v=NCQ89aLx54Y,assets/discography/stickout.jpg,8,アンコール・受賞映像を見る,6591
KNOW ABOUT ME - SHOW CHAMPION,KNOW ABOUT ME,2025-03-26,SHOW CHAMPION,"「KNOW ABOUT ME」でSHOW CHAMPIONの1位を獲得（6,865点）。",https://www.youtube.com/watch?v=0rp54oXvJ4o,assets/discography/forward.jpg,9,アンコール・受賞映像を見る,6865
KNOW ABOUT ME - Music Bank,KNOW ABOUT ME,2025-03-28,Music Bank,"「KNOW ABOUT ME」でMusic Bankの1位を獲得（11,040点）。",https://www.youtube.com/watch?v=0rp54oXvJ4o,assets/discography/forward.jpg,10,アンコール・受賞映像を見る,11040
KNOW ABOUT ME - Inkigayo,KNOW ABOUT ME,2025-03-30,Inkigayo,"「KNOW ABOUT ME」でInkigayoの1位を獲得（5,070点）。",https://www.youtube.com/watch?v=0rp54oXvJ4o,assets/discography/forward.jpg,11,アンコール・受賞映像を見る,5070
Blue Valentine - SHOW CHAMPION,Blue Valentine,2025-10-22,SHOW CHAMPION,"「Blue Valentine」でSHOW CHAMPIONの1位を獲得（8,614点）。",https://www.youtube.com/watch?v=rKg9I4mVLVc,assets/discography/bluevalentine.jpg,12,アンコール・受賞映像を見る,8614
Blue Valentine - M COUNTDOWN,Blue Valentine,2025-10-23,M COUNTDOWN,"「Blue Valentine」でM COUNTDOWNの1位を獲得（9,958点）。",https://www.youtube.com/watch?v=rKg9I4mVLVc,assets/discography/bluevalentine.jpg,13,アンコール・受賞映像を見る,9958
Blue Valentine - Music Bank,Blue Valentine,2025-10-24,Music Bank,"「Blue Valentine」でMusic Bankの1位を獲得（11,908点）。",https://www.youtube.com/watch?v=rKg9I4mVLVc,assets/discography/bluevalentine.jpg,14,アンコール・受賞映像を見る,11908
Blue Valentine - Show! Music Core,Blue Valentine,2025-10-25,Show! Music Core,"「Blue Valentine」でShow! Music Coreの1位を獲得（8,377点）。",https://www.youtube.com/watch?v=rKg9I4mVLVc,assets/discography/bluevalentine.jpg,15,アンコール・受賞映像を見る,8377
Blue Valentine - Inkigayo,Blue Valentine,2025-10-26,Inkigayo,"「Blue Valentine」でInkigayoの1位を獲得（5,454点）。",https://www.youtube.com/watch?v=rKg9I4mVLVc,assets/discography/bluevalentine.jpg,16,アンコール・受賞映像を見る,5454
Blue Valentine - Inkigayo,Blue Valentine,2025-11-09,Inkigayo,"「Blue Valentine」でInkigayoの1位を獲得（4,845点）。",https://www.youtube.com/watch?v=rKg9I4mVLVc,assets/discography/bluevalentine.jpg,17,アンコール・受賞映像を見る,4845
Blue Valentine - Show! Music Core,Blue Valentine,2025-11-15,Show! Music Core,"「Blue Valentine」でShow! Music Coreの1位を獲得（6,805点）。",https://www.youtube.com/watch?v=rKg9I4mVLVc,assets/discography/bluevalentine.jpg,18,アンコール・受賞映像を見る,6805
Blue Valentine - Inkigayo,Blue Valentine,2025-11-16,Inkigayo,"「Blue Valentine」でInkigayoの1位を獲得（5,044点）。",https://www.youtube.com/watch?v=rKg9I4mVLVc,assets/discography/bluevalentine.jpg,19,アンコール・受賞映像を見る,5044
Blue Valentine - Show! Music Core,Blue Valentine,2025-11-22,Show! Music Core,"「Blue Valentine」でShow! Music Coreの1位を獲得（6,143点）。",https://www.youtube.com/watch?v=rKg9I4mVLVc,assets/discography/bluevalentine.jpg,20,アンコール・受賞映像を見る,6143
Blue Valentine - Music Bank,Blue Valentine,2026-01-02,Music Bank,"「Blue Valentine」でMusic Bankの1位を獲得（3,918点）。",https://www.youtube.com/watch?v=rKg9I4mVLVc,assets/discography/bluevalentine.jpg,21,アンコール・受賞映像を見る,3918
Heavy Serenade - M COUNTDOWN,Heavy Serenade,2026-05-21,M COUNTDOWN,"「Heavy Serenade」でM COUNTDOWNの1位を獲得。カムバック後初の1位（8,167点）。",https://www.soompi.com/article/1842919wpp/watch-nmixx-takes-1st-win-for-heavy-serenade-on-m-countdown-performances-by-i-o-i-taeyang-and-more,assets/discography/heavy-serenade.jpg,22,受賞・アンコール記事を見る,8167
Heavy Serenade - Music Bank,Heavy Serenade,2026-05-22,Music Bank,"「Heavy Serenade」でMusic Bankの1位を獲得。楽曲2冠目（9,582点）。",https://www.soompi.com/article/1843103wpp/watch-nmixx-takes-2nd-win-for-heavy-serenade-on-music-bank-performances-by-le-sserafim-zerobaseone-and-more,assets/discography/heavy-serenade.jpg,23,受賞・アンコール記事を見る,9582
